Year,Month,District,Max  temp,Min Temp,Days of frost in the air (days 0 or below),Rainfall,Sunshine,Temperature
2012,1,Wales,8,2.9,8.3,129.9,50.2,5.45
2012,2,Wales,7,1.2,11.6,64.3,59.8,4.1
2012,3,Wales,12,3.7,1.9,31.4,153.3,7.85
2012,4,Wales,10.2,2.9,5.1,169.2,121.1,6.55
2012,5,Wales,15.3,6.5,0.5,77,207.1,10.9
2012,6,Wales,16,9.5,0,218.6,118.7,12.75
2012,7,Wales,17.7,10.7,0,132.7,144.4,14.2
2012,8,Wales,18.9,12,0,156.8,134.1,15.45
2012,9,Wales,15.6,8.3,0,130.8,123.3,11.95
2012,10,Wales,12.1,5.9,1.5,148.8,88.4,9
2012,11,Wales,9.1,3,5.3,178,58.3,6.05
2012,12,Wales,7.6,1.9,9.7,264.9,44,4.75
2012,1,South West,8.8,3.5,6.4,104,58,6.15
2012,2,South West,7.5,1.4,11.5,45.9,68.7,4.45
2012,3,South West,12.5,4.1,1.6,28.9,165.8,8.3
2012,4,South West,11.1,3.2,3.9,174.6,135.9,7.15
2012,5,South West,16,7.2,0.1,60.3,206.5,11.6
2012,6,South West,16.6,10.2,0,193.9,110.6,13.4
2012,7,South West,18.5,11,0,131.5,166.1,14.75
2012,8,South West,19.4,12.7,0,150.6,145.3,16.05
2012,9,South West,16.7,8.8,0,94,141.9,12.75
2012,10,South West,13.1,6.8,1.2,153.9,91.8,9.95
2012,11,South West,9.9,3.8,3.7,185,63.3,6.85
2012,12,South West,8.7,2.8,7.8,243.5,52.3,5.75
2012,1,England NW & N Wales,7.4,2.1,9.7,125.5,55,4.75
2012,2,England NW & N Wales,6.7,1.3,11.7,69,55.6,4
2012,3,England NW & N Wales,11.9,3.9,1.9,31.8,148.5,7.9
2012,4,England NW & N Wales,10,2.8,5.1,128.5,120.3,6.4
2012,5,England NW & N Wales,15.1,6.1,1.4,77.5,208.1,10.6
2012,6,England NW & N Wales,15.8,9,0,205.7,113.5,12.4
2012,7,England NW & N Wales,17.5,10.9,0,141.6,125.4,14.2
2012,8,England NW & N Wales,19,11.6,0,142.2,137,15.3
2012,9,England NW & N Wales,15.3,8.5,0.2,177.7,116.5,11.9
2012,10,England NW & N Wales,11.7,5.2,1.5,140.7,92.3,8.45
2012,11,England NW & N Wales,8.7,3,5.5,160.6,57.8,5.85
2012,12,England NW & N Wales,6.7,1.2,10.8,223.9,43.4,3.95
2012,1,Midlands,8.2,1.9,9.4,62.7,69.7,5.05
2012,2,Midlands,7,0.5,13.3,29.1,69.1,3.75
2012,3,Midlands,12.9,3.1,2.7,22.9,167.6,8
2012,4,Midlands,11,2.9,5,140.2,116.8,6.95
2012,5,Midlands,16.2,6.8,0.6,51.7,196.2,11.5
2012,6,Midlands,17.1,9.6,0,151.9,107.1,13.35
2012,7,Midlands,19.4,11.1,0,112.6,162.4,15.25
2012,8,Midlands,20.6,11.9,0,88.1,149.4,16.25
2012,9,Midlands,17.2,8.1,0,87.5,155.1,12.65
2012,10,Midlands,12.4,5.6,1.4,86.8,96.3,9
2012,11,Midlands,9.2,3,5.7,113.2,65.2,6.1
2012,12,Midlands,7.3,1.2,10.6,137.4,58.1,4.25
2012,1,East Anlia,8.8,2.4,9.2,42.1,72.1,5.6
2012,2,East Anlia,7,0.3,14.1,17.8,83.6,3.65
2012,3,East Anlia,12.8,2.8,3.1,34.1,155.6,7.8
2012,4,East Anlia,11.9,3.5,3.9,112.4,136.8,7.7
2012,5,East Anlia,16.5,7.8,0.1,48.5,170.1,12.15
2012,6,East Anlia,18.3,10,0,98.9,146.4,14.15
2012,7,East Anlia,20.7,11.6,0,107.2,171.9,16.15
2012,8,East Anlia,22.7,12.7,0,47.9,188.9,17.7
2012,9,East Anlia,19,8.5,0,40.3,179,13.75
2012,10,East Anlia,13.4,6.7,0.6,88.1,92,10.05
2012,11,East Anlia,10,3.6,3.5,74.6,74.6,6.8
2012,12,East Anlia,7.8,1.6,10,97.9,51.3,4.7
2012,1,Englad SE & Centra SOuth,9.3,2.8,8.4,48.7,73.2,6.05
2012,2,Englad SE & Centra SOuth,7.2,0.3,14.5,19.3,83.7,3.75
2012,3,Englad SE & Centra SOuth,13.5,3.3,2.3,26.6,174.5,8.4
2012,4,Englad SE & Centra SOuth,12.2,3.4,4.4,133.8,155.7,7.8
2012,5,Englad SE & Centra SOuth,17.1,8.1,0,42.7,191.6,12.6
2012,6,Englad SE & Centra SOuth,18,10.4,0,138.3,141.3,14.2
2012,7,Englad SE & Centra SOuth,20.2,11.6,0,103.7,179.1,15.9
2012,8,Englad SE & Centra SOuth,21.7,12.8,0,56,188.5,17.25
2012,9,Englad SE & Centra SOuth,18.7,8.7,0,66.9,181.1,13.7
2012,10,Englad SE & Centra SOuth,13.7,7.1,1.5,125,86,10.4
2012,11,Englad SE & Centra SOuth,10.4,3.8,4.3,102.2,74.9,7.1
2012,12,Englad SE & Centra SOuth,8.7,2,10.5,142.5,60.9,5.35
2012,1,England E & NE,7.4,1.3,10,47.3,73.3,4.35
2012,2,England E & NE,7,0.7,13.4,24,74.2,3.85
2012,3,England E & NE,12.5,3.1,2.8,21.5,176,7.8
2012,4,England E & NE,10.1,2.7,5,141.2,106.8,6.4
2012,5,England E & NE,14.6,5.9,2,62.1,194,10.25
2012,6,England E & NE,16.2,8.8,0,141.6,107.5,12.5
2012,7,England E & NE,18.4,10.7,0,96.5,144.7,14.55
2012,8,England E & NE,20.1,11.2,0,88,154.9,15.65
2012,9,England E & NE,16.6,8.2,0.1,94.6,156,12.4
2012,10,England E & NE,11.8,4.6,1.6,86.3,107.4,8.2
2012,11,England E & NE,8.8,2.8,6.4,112.1,69.1,5.8
2012,12,England E & NE,6.3,0.8,11.3,128,57.9,3.55
2012,1,Scotland,5.8,0.6,13.3,181.7,43.7,3.2
2012,2,Scotland,7.1,1.6,9.9,105.8,49.9,4.35
2012,3,Scotland,10.9,3.2,4.6,57.5,124.9,7.05
2012,4,Scotland,8.6,1.3,10.2,114.1,119.1,4.95
2012,5,Scotland,13.3,4.2,4.7,82.9,203.1,8.75
2012,6,Scotland,14,7.1,0.5,126.3,108.9,10.55
2012,7,Scotland,15.6,8.9,0,125.4,97.9,12.25
2012,8,Scotland,17.3,9.7,0.1,134.9,136.2,13.5
2012,9,Scotland,13.5,7.1,0.8,145.9,112.2,10.3
2012,10,Scotland,9.5,2.7,6.7,150.9,80.8,6.1
2012,11,Scotland,7.3,1.7,9.4,158.9,51.5,4.5
2012,12,Scotland,5,-0.2,15.6,212.2,28.4,2.4
2013,1,Wales,6,1.4,15.1,140.3,36.4,3.7
2013,2,Wales,5.7,0.2,13.8,76.2,69,2.95
2013,3,Wales,5.5,-0.7,19.9,88.1,99.7,2.4
2013,4,Wales,10.3,2.5,8.9,54,159.4,6.4
2013,5,Wales,13.4,5.1,1,113.3,183.6,9.25
2013,6,Wales,17.1,8.6,0,62.4,188,12.85
2013,7,Wales,22.4,12,0,62.6,285.4,17.2
2013,8,Wales,19.4,11.6,0,108.6,153.1,15.5
2013,9,Wales,16.8,9.5,0,74.2,101.6,13.15
2013,10,Wales,14.5,9.2,0,224.9,72.1,11.85
2013,11,Wales,9.2,3.1,5.4,113.7,60.5,6.15
2013,12,Wales,9.1,3.3,3.4,224.9,37.8,6.2
2013,1,South West,6.9,2.2,11.1,144.7,44.9,4.55
2013,2,South West,6.3,0.9,10.6,61.1,68.7,3.6
2013,3,South West,6.4,0.2,16.9,91,94.6,3.3
2013,4,South West,10.8,3.1,7.5,46.9,161,6.95
2013,5,South West,14.1,5.5,0.5,92,206.7,9.8
2013,6,South West,17.6,9.3,0,49.3,194.8,13.45
2013,7,South West,23.1,12.5,0,45.1,297.7,17.8
2013,8,South West,20.3,12.1,0,86.9,177.1,16.2
2013,9,South West,17.7,10.1,0,72.9,107.4,13.9
2013,10,South West,15.4,9.7,0,211.9,88.6,12.55
2013,11,South West,9.9,3.7,4.7,104.4,68.8,6.8
2013,12,South West,9.7,3.5,2.8,217,44.5,6.6
2013,1,England NW & N Wales,5.4,1,15.7,109.9,29.1,3.2
2013,2,England NW & N Wales,5.6,-0.2,16,64.2,78.3,2.7
2013,3,England NW & N Wales,5,-1.2,20.9,66.3,95,1.9
2013,4,England NW & N Wales,10.2,2.4,9,54.6,159.5,6.3
2013,5,England NW & N Wales,13.4,5.5,1,98.6,167.9,9.45
2013,6,England NW & N Wales,17.2,8.5,0,61.5,187.7,12.85
2013,7,England NW & N Wales,22,12,0,94.3,267,17
2013,8,England NW & N Wales,19.3,11.8,0,100.5,144.1,15.55
2013,9,England NW & N Wales,16.2,9.2,0,78.5,99.9,12.7
2013,10,England NW & N Wales,14.1,9,0,185.2,61.8,11.55
2013,11,England NW & N Wales,8.6,2.6,7.4,96.2,67.7,5.6
2013,12,England NW & N Wales,8.8,3.3,2.2,188.5,37,6.05
2013,1,Midlands,5.5,0.6,16,64.2,43.6,3.05
2013,2,Midlands,5.5,-0.1,16.3,45.5,72.8,2.7
2013,3,Midlands,5.2,-0.8,19.9,65.1,77.7,2.2
2013,4,Midlands,11.7,2.6,8.7,21.9,160.9,7.15
2013,5,Midlands,14.9,5.5,0.5,78.5,184.1,10.2
2013,6,Midlands,18.2,8.9,0,36.2,180.9,13.55
2013,7,Midlands,24,12.4,0,67.3,269.9,18.2
2013,8,Midlands,21.4,11.9,0,52.6,174,16.65
2013,9,Midlands,17.8,9.2,0,44.8,122.9,13.5
2013,10,Midlands,15.1,9,0,132.9,85.4,12.05
2013,11,Midlands,9.1,2.6,5.4,58.8,77.6,5.85
2013,12,Midlands,9.2,2.6,2.2,89.6,57.4,5.9
2013,1,East Anlia,5.7,0.3,16.2,47,51,3
2013,2,East Anlia,5.5,0.3,11.9,31.1,59.5,2.9
2013,3,East Anlia,5.7,0.1,16.8,53.1,66.8,2.9
2013,4,East Anlia,12.7,3.1,9.1,23.8,193.5,7.9
2013,5,East Anlia,15.5,5.8,1.2,49,193.4,10.65
2013,6,East Anlia,18.6,9.5,0,20.2,169.4,14.05
2013,7,East Anlia,24.3,12.6,0,32.7,263.3,18.45
2013,8,East Anlia,23.2,12.8,0,52.2,217.1,18
2013,9,East Anlia,18.8,9.6,0,43.6,144.2,14.2
2013,10,East Anlia,16,9.3,0,96.6,93.1,12.65
2013,11,East Anlia,9.5,3.4,2.8,52.9,76.4,6.45
2013,12,East Anlia,9.3,2.5,2.9,59.2,62.4,5.9
2013,1,Englad SE & Centra SOuth,6.3,1.5,13.1,81.3,43.8,3.9
2013,2,Englad SE & Centra SOuth,6,0.3,12.8,38.1,68.1,3.15
2013,3,Englad SE & Centra SOuth,6.4,0.4,15.7,70.3,66.8,3.4
2013,4,Englad SE & Centra SOuth,12,3.2,7.7,41.8,167.3,7.6
2013,5,Englad SE & Centra SOuth,15.3,6,0.2,56.5,192.5,10.65
2013,6,Englad SE & Centra SOuth,18.7,9.7,0,22.8,188.2,14.2
2013,7,Englad SE & Centra SOuth,24.6,12.8,0,31.9,291.5,18.7
2013,8,Englad SE & Centra SOuth,22.6,12.5,0,39,214.4,17.55
2013,9,Englad SE & Centra SOuth,18.9,9.8,0,52.6,126.4,14.35
2013,10,Englad SE & Centra SOuth,16.2,9.4,0,138.5,97.5,12.8
2013,11,Englad SE & Centra SOuth,9.9,3.5,4.1,71.6,78.5,6.7
2013,12,Englad SE & Centra SOuth,9.8,2.8,4.6,161.3,53.9,6.3
2013,1,England E & NE,5.2,0.4,15,69.9,44.4,2.8
2013,2,England E & NE,5.3,-0.1,15,34.2,77.5,2.6
2013,3,England E & NE,4.5,-0.7,18.5,60.1,69,1.9
2013,4,England E & NE,10.9,2.6,7,22.3,168.3,6.75
2013,5,England E & NE,14.4,5.4,0.7,76.6,180.8,9.9
2013,6,England E & NE,17.4,8.4,0,40.7,176.4,12.9
2013,7,England E & NE,22.5,12,0,55.7,242.3,17.25
2013,8,England E & NE,20.9,11.5,0,60.9,180.3,16.2
2013,9,England E & NE,17,8.8,0,43.6,135.5,12.9
2013,10,England E & NE,14.5,8.6,0,111.6,81.5,11.55
2013,11,England E & NE,8.5,2,7.4,52.6,87.3,5.25
2013,12,England E & NE,8.6,2.2,3.6,76.9,58.1,5.4
2013,1,Scotland,4.9,0.7,14.5,147.2,24.8,2.8
2013,2,Scotland,5.4,-1,18.2,81.7,80.6,2.2
2013,3,Scotland,4.2,-1.6,21.5,51.6,86.2,1.3
2013,4,Scotland,8.6,1,11.8,115.6,165,4.8
2013,5,Scotland,12.5,4.4,2.7,118,155.1,8.45
2013,6,Scotland,15.8,7.5,0.1,59.9,143.1,11.65
2013,7,Scotland,19.8,10.8,0,81.5,202.6,15.3
2013,8,Scotland,17.3,10.1,0,88,118.1,13.7
2013,9,Scotland,14.6,7.7,0.2,100.7,101.1,11.15
2013,10,Scotland,12,6.7,0.9,190.1,59.4,9.35
2013,11,Scotland,7.3,1.1,11.8,128.4,58.8,4.2
2013,12,Scotland,7.6,2.5,7,295.5,21.7,5.05
2014,1,Wales,7.9,2.7,4.1,257.9,37.1,5.3
2014,2,Wales,7.8,3.1,1.9,241.6,73.8,5.45
2014,3,Wales,10.7,3,4.4,80.5,126.5,6.85
2014,4,Wales,13.2,5.3,0.5,78.9,148.1,9.25
2014,5,Wales,15.1,7.6,0,129.6,142.7,11.35
2014,6,Wales,18.8,9.5,0,57.5,220.2,14.15
2014,7,Wales,20.8,11.5,0,57.1,232.5,16.15
2014,8,Wales,17.6,10.3,0,143.3,163.3,13.95
2014,9,Wales,18.7,9.5,0,16.4,148,14.1
2014,10,Wales,14.5,8.5,0,177.3,75.7,11.5
2014,11,Wales,10.7,4.9,2.4,151.3,64.2,7.8
2014,12,Wales,8.1,2.3,9.3,159.6,51.6,5.2
2014,1,South West,8.9,3.1,3.8,248.5,46.3,6
2014,2,South West,8.7,3.3,1,225.7,85.3,6
2014,3,South West,11.3,3.4,2.8,71.8,128.9,7.35
2014,4,South West,13.6,5.7,0.2,92.7,156.2,9.65
2014,5,South West,15.6,8,0,105.2,174.4,11.8
2014,6,South West,19.6,10.3,0,60.3,236.8,14.95
2014,7,South West,21.7,12.3,0,43.4,246,17
2014,8,South West,18.7,10.7,0,135.2,184.3,14.7
2014,9,South West,19.6,10.4,0,13.1,155.3,15
2014,10,South West,15.3,9.4,0,150.9,82.3,12.35
2014,11,South West,11.4,5.6,2,161,65.7,8.5
2014,12,South West,8.8,2.6,7.9,108,63.4,5.7
2014,1,England NW & N Wales,7.4,2.6,3.1,205.2,33.1,5
2014,2,England NW & N Wales,7.6,2.9,2.3,188,64.1,5.25
2014,3,England NW & N Wales,10.4,3,4.5,90.3,123.4,6.7
2014,4,England NW & N Wales,13.2,5.6,0.7,56.8,137.7,9.4
2014,5,England NW & N Wales,15,7.7,0.1,115.3,133.5,11.35
2014,6,England NW & N Wales,18.5,9.7,0,45.7,188,14.1
2014,7,England NW & N Wales,20.9,11.4,0,69.1,236.8,16.15
2014,8,England NW & N Wales,17.5,10.3,0,139.8,164.2,13.9
2014,9,England NW & N Wales,18.2,9.5,0,16.4,130.4,13.85
2014,10,England NW & N Wales,14.3,8,0.2,171.9,74.2,11.15
2014,11,England NW & N Wales,10.4,4.9,1.3,103.1,57.7,7.65
2014,12,England NW & N Wales,7.5,2,10,167.1,46.3,4.75
2014,1,Midlands,8.1,2.2,4.8,148.8,57.6,5.15
2014,2,Midlands,8.6,2.9,1.8,108.6,83.9,5.75
2014,3,Midlands,11.8,2.9,4.5,47.4,138.9,7.35
2014,4,Midlands,14.1,5.6,0.7,46.2,138.3,9.85
2014,5,Midlands,16.3,7.8,0.6,102.7,162,12.05
2014,6,Midlands,19.9,10.1,0,51.4,194.9,15
2014,7,Midlands,23,12,0,48.6,247.8,17.5
2014,8,Midlands,19.2,10.4,0,102.5,180.7,14.8
2014,9,Midlands,19.4,9.9,0,13.6,127.2,14.65
2014,10,Midlands,15.3,8.5,0,85,83.3,11.9
2014,11,Midlands,10.8,5,2.9,92.8,52.3,7.9
2014,12,Midlands,7.9,1.8,11.6,72.7,75.4,4.85
2014,1,East Anlia,8.8,2.7,5,102.1,64.5,5.75
2014,2,East Anlia,9.7,3.4,0.4,73.5,102.2,6.55
2014,3,East Anlia,13.1,3.2,5.2,21.5,157.7,8.15
2014,4,East Anlia,15.2,6.2,0.8,19.5,155.7,10.7
2014,5,East Anlia,17.4,8.4,0.3,93.6,185.3,12.9
2014,6,East Anlia,20.5,10.3,0,37.6,211.1,15.4
2014,7,East Anlia,23.8,13.4,0,58.4,229,18.6
2014,8,East Anlia,20.9,11.2,0,95.2,200.1,16.05
2014,9,East Anlia,20.2,10.9,0,17.9,132.4,15.55
2014,10,East Anlia,16.9,9.7,0,79.4,113.3,13.3
2014,11,East Anlia,11.7,5.9,2.4,87.9,52.2,8.8
2014,12,East Anlia,8.3,2.3,10.5,50.3,79.6,5.3
2014,1,Englad SE & Centra SOuth,9.4,3,4.5,205.1,64,6.2
2014,2,Englad SE & Centra SOuth,9.8,3.7,0.1,146.9,97.1,6.75
2014,3,Englad SE & Centra SOuth,12.8,3.3,4,38,160.2,8.05
2014,4,Englad SE & Centra SOuth,15,6.1,0.3,75.3,168.2,10.55
2014,5,Englad SE & Centra SOuth,16.8,8.2,0.2,74.1,202,12.5
2014,6,Englad SE & Centra SOuth,20.9,10.6,0,37.5,241.7,15.75
2014,7,Englad SE & Centra SOuth,24,13.1,0,45.8,269.1,18.55
2014,8,Englad SE & Centra SOuth,20.6,11.1,0,102.1,199.2,15.85
2014,9,Englad SE & Centra SOuth,20.8,10.8,0,13.7,144.6,15.8
2014,10,Englad SE & Centra SOuth,16.7,9.8,0,110.9,106.8,13.25
2014,11,Englad SE & Centra SOuth,12,6.1,2.3,135.6,58.3,9.05
2014,12,Englad SE & Centra SOuth,8.8,2.2,11.1,54,75,5.5
2014,1,England E & NE,7.1,1.9,6.3,118.9,50,4.5
2014,2,England E & NE,8.2,2.4,4,82,84.1,5.3
2014,3,England E & NE,10.8,2.7,6.5,44.5,131.9,6.75
2014,4,England E & NE,13.2,5.3,1.5,42.1,129.1,9.25
2014,5,England E & NE,15.6,7.5,0.7,104.3,163.9,11.55
2014,6,England E & NE,18.6,9.9,0,45.8,163.7,14.25
2014,7,England E & NE,21.7,11.6,0,54.4,228.2,16.65
2014,8,England E & NE,18.7,10,0,96.1,186.5,14.35
2014,9,England E & NE,18,9.7,0,18.1,114.6,13.85
2014,10,England E & NE,14.7,8,0.1,83.1,94.6,11.35
2014,11,England E & NE,10.3,4.9,2.2,81.3,47,7.6
2014,12,England E & NE,7.2,1.5,12.1,61.3,77.3,4.35
2014,1,Scotland,5.7,1.2,9.1,214.1,24.7,3.45
2014,2,Scotland,6.2,1.4,8,221.5,55.4,3.8
2014,3,Scotland,8.6,2.3,6.5,129.4,106.8,5.45
2014,4,Scotland,11.5,4.4,2.5,92.9,136.1,7.95
2014,5,Scotland,13.5,6.1,1.1,99.1,117,9.8
2014,6,Scotland,16.7,9.2,0,67.6,121.9,12.95
2014,7,Scotland,19.1,10.1,0,86.2,191.8,14.6
2014,8,Scotland,15.9,8.6,0.1,187.8,143.1,12.25
2014,9,Scotland,16.1,8.9,0,39.3,99.4,12.5
2014,10,Scotland,12.1,6,0.6,246.1,63.9,9.05
2014,11,Scotland,9,3.7,3.2,137.9,41.1,6.35
2014,12,Scotland,6,0.3,14.7,216.6,34.2,3.15
2015,1,Wales,7.1,1.7,10.1,187.7,52.5,4.4
2015,2,Wales,6.5,0.4,12.5,87.8,73.2,3.45
2015,3,Wales,9,2,8.2,97.4,120.6,5.5
2015,4,Wales,13.4,3.4,1.9,35.1,216.8,8.4
2015,5,Wales,13.4,6.3,0,134.9,161.9,9.85
2015,6,Wales,17.4,8.6,0,59.6,220.2,13
2015,7,Wales,18,10.8,0,113.9,166.6,14.4
2015,8,Wales,18.2,10.6,0,128.9,146.6,14.4
2015,9,Wales,16.1,7.4,0,71.7,165.5,11.75
2015,10,Wales,13.8,6.4,0.1,71.5,90.5,10.1
2015,11,Wales,11.9,6.3,2.4,245.9,31.1,9.1
2015,12,Wales,11.5,6.8,0,334.1,22.7,9.15
2015,1,South West,8.2,2.3,7.6,165.3,61.7,5.25
2015,2,South West,7.3,0.9,11.4,90.3,83.9,4.1
2015,3,South West,9.8,2.7,4.5,67.6,131.5,6.25
2015,4,South West,14.1,4.4,0.9,25.9,223.7,9.25
2015,5,South West,14.4,6.9,0,101.2,177.9,10.65
2015,6,South West,18.2,9.2,0,54,235.4,13.7
2015,7,South West,19,11.4,0,102.7,176.8,15.2
2015,8,South West,18.8,11.1,0,145.1,143.3,14.95
2015,9,South West,16.8,8.3,0,74.3,179.5,12.55
2015,10,South West,14.4,7.2,0.1,75.8,98.5,10.8
2015,11,South West,12.5,7.2,2.1,172.2,31.8,9.85
2015,12,South West,12.1,7.9,0,213.9,29.2,10
2015,1,England NW & N Wales,6.5,1.3,10.9,167.6,49.4,3.9
2015,2,England NW & N Wales,6.3,0.6,10.9,77.7,67.4,3.45
2015,3,England NW & N Wales,8.7,1.8,8.1,109.6,106.8,5.25
2015,4,England NW & N Wales,12.7,3,3.2,49.3,210.2,7.85
2015,5,England NW & N Wales,13,6.2,0.6,141.7,154.2,9.6
2015,6,England NW & N Wales,17.2,8.4,0,49.8,193.2,12.8
2015,7,England NW & N Wales,18,10.5,0,109.6,158.3,14.25
2015,8,England NW & N Wales,18.5,10.7,0,99.8,156.1,14.6
2015,9,England NW & N Wales,16,7.5,0,53,160.5,11.75
2015,10,England NW & N Wales,13.6,6.2,0.2,67.9,82.8,9.9
2015,11,England NW & N Wales,11.4,5.8,2.3,260.9,31.7,8.6
2015,12,England NW & N Wales,11.1,5.6,1,342.9,23.8,8.35
2015,1,Midlands,7.2,0.9,12.2,75.5,72.5,4.05
2015,2,Midlands,6.8,0.6,11.2,41,77.4,3.7
2015,3,Midlands,10,2.2,5.5,52.4,121,6.1
2015,4,Midlands,14.3,3.6,1.8,23.3,218.5,8.95
2015,5,Midlands,14.8,6.4,0.2,79.2,173.3,10.6
2015,6,Midlands,19.1,8.6,0,37.3,219.7,13.85
2015,7,Midlands,20.4,10.8,0,65.9,185.7,15.6
2015,8,Midlands,20.2,11.3,0,80.4,147.8,15.75
2015,9,Midlands,17,7.6,0,41.6,163.3,12.3
2015,10,Midlands,14.3,6.8,0,57.4,85.5,10.55
2015,11,Midlands,12,5.9,2.8,107.5,35.2,8.95
2015,12,Midlands,12.1,6.4,0.3,120.7,34,9.25
2015,1,East Anlia,7.6,0.9,12.9,55.4,71.6,4.25
2015,2,East Anlia,7.3,0.9,9.6,38.7,88.3,4.1
2015,3,East Anlia,10.8,2.7,4.8,24,144.6,6.75
2015,4,East Anlia,14.4,3.9,1.3,20.7,215.8,9.15
2015,5,East Anlia,16.4,6.8,0.4,50,193.4,11.6
2015,6,East Anlia,20.1,9.2,0,22,227.5,14.65
2015,7,East Anlia,22.4,11.9,0,84.2,202.9,17.15
2015,8,East Anlia,22,12.4,0,72.5,163.5,17.2
2015,9,East Anlia,17.8,8.5,0,50.4,170.7,13.15
2015,10,East Anlia,14.8,7.6,0,43.3,97.9,11.2
2015,11,East Anlia,12.8,6.3,2.3,71.2,41.7,9.55
2015,12,East Anlia,12.7,7.2,0,51.5,44.3,9.95
2015,1,Englad SE & Centra SOuth,8.4,1.4,10.9,96.5,69.1,4.9
2015,2,Englad SE & Centra SOuth,7.4,0.8,10.9,58.6,79.7,4.1
2015,3,Englad SE & Centra SOuth,10.7,3.1,3,23.4,142.3,6.9
2015,4,Englad SE & Centra SOuth,14.9,4.3,1.1,18.5,227.7,9.6
2015,5,Englad SE & Centra SOuth,16.1,7.3,0,62.8,195.7,11.7
2015,6,Englad SE & Centra SOuth,20.3,9.6,0,26.4,248,14.95
2015,7,Englad SE & Centra SOuth,21.8,11.9,0,59.8,204.1,16.85
2015,8,Englad SE & Centra SOuth,21,12.2,0,108.2,148.2,16.6
2015,9,Englad SE & Centra SOuth,17.9,8.4,0,67.5,179.1,13.15
2015,10,Englad SE & Centra SOuth,15,7.6,0,58,96.6,11.3
2015,11,Englad SE & Centra SOuth,12.9,7.2,2.6,77.5,29.5,10.05
2015,12,Englad SE & Centra SOuth,12.8,8.2,0,80.1,33.5,10.5
2015,1,England E & NE,6.4,0.6,13.3,63.1,76.2,3.5
2015,2,England E & NE,6.6,0.5,11.7,37.3,94.4,3.55
2015,3,England E & NE,9.4,1.8,7.4,45.6,124.4,5.6
2015,4,England E & NE,13,3,3.2,25.8,224.2,8
2015,5,England E & NE,14.2,5.7,1.2,82.7,190.6,9.95
2015,6,England E & NE,17.9,7.9,0.1,34.8,204.3,12.9
2015,7,England E & NE,19.4,10.2,0,85.5,178.8,14.8
2015,8,England E & NE,19.9,10.9,0,73,180.1,15.4
2015,9,England E & NE,16.4,7.5,0,38.9,159,11.95
2015,10,England E & NE,13.8,6.4,0.1,64.2,90.3,10.1
2015,11,England E & NE,11.2,5,2.4,116.5,48,8.1
2015,12,England E & NE,11.1,4.9,1.8,147.3,37.3,8
2015,1,Scotland,5.2,-0.2,16,250.8,41.5,2.5
2015,2,Scotland,5.8,0.1,13.5,123.3,66,2.95
2015,3,Scotland,7.7,1,11,171.2,107.6,4.35
2015,4,Scotland,10.9,1.8,7.6,78.3,196.3,6.35
2015,5,Scotland,11.2,4,3.6,150.7,166.2,7.6
2015,6,Scotland,14.5,6.8,0.5,91.7,127.4,10.65
2015,7,Scotland,15.9,8.7,0,151,124.6,12.3
2015,8,Scotland,16.7,9.2,0,116.5,136.3,12.95
2015,9,Scotland,14.7,7,0,49.5,124.4,10.85
2015,10,Scotland,12.4,5.1,1.2,92,86.7,8.75
2015,11,Scotland,8.8,3.5,4.9,239.9,33.6,6.15
2015,12,Scotland,8.3,2.6,7.3,322.6,20.5,5.45
2016,1,Wales,8.1,2.7,6.1,243.8,36.6,5.4
2016,2,Wales,7.4,1.4,10.1,147.5,75.8,4.4
2016,3,Wales,8.9,1.6,8.1,104.4,124.1,5.25
2016,4,Wales,10.9,3,5.6,87.9,172.2,6.95
2016,5,Wales,16.3,7.4,0.3,85.2,216.3,11.85
2016,6,Wales,18.2,10.8,0,131.4,141.3,14.5
2016,7,Wales,18.7,11.7,0,86.3,154.9,15.2
2016,8,Wales,19.4,11.8,0,103.7,170.8,15.6
2016,9,Wales,18,11.1,0,135.3,120.4,14.55
2016,10,Wales,13.5,6.6,0.1,45,106.8,10.05
2016,11,Wales,8.6,2.4,6.5,118.1,70.7,5.5
2016,12,Wales,9.1,3.3,6.6,82.4,40.3,6.2
2016,1,South West,9,3.2,5.4,215.6,50.3,6.1
2016,2,South West,8.3,2.1,8.3,133.1,81.4,5.2
2016,3,South West,9.6,1.9,6.2,101.6,138.2,5.75
2016,4,South West,11.6,3.5,3.8,58.2,175.2,7.55
2016,5,South West,16.7,7.7,0.2,73.7,213.6,12.2
2016,6,South West,18.4,11.2,0,104.2,130.7,14.8
2016,7,South West,19.8,12.2,0,41.7,166.7,16
2016,8,South West,20.3,12.1,0,81.6,194.7,16.2
2016,9,South West,18.7,11.7,0,114.6,123.8,15.2
2016,10,South West,14.2,6.9,0,45.4,123,10.55
2016,11,South West,9.6,3.2,4.5,124.8,77.8,6.4
2016,12,South West,9.6,3.6,6.2,57.5,46,6.6
2016,1,England NW & N Wales,7.5,2.4,6.8,203.6,31.1,4.95
2016,2,England NW & N Wales,7,1,11.5,142.9,76.4,4
2016,3,England NW & N Wales,8.6,1.7,7.6,84.3,110.3,5.15
2016,4,England NW & N Wales,10.5,2.7,6.3,100.5,161,6.6
2016,5,England NW & N Wales,16.1,7.1,0.4,54.1,223.7,11.6
2016,6,England NW & N Wales,18.3,10.6,0,126.4,143.6,14.45
2016,7,England NW & N Wales,18.6,11.7,0,107.9,144.6,15.15
2016,8,England NW & N Wales,19,11.8,0,123.6,164.2,15.4
2016,9,England NW & N Wales,18,11.2,0,111.7,125.7,14.6
2016,10,England NW & N Wales,13.3,6.5,0.1,40.8,97.2,9.9
2016,11,England NW & N Wales,7.9,1.7,9.2,123.5,68.1,4.8
2016,12,England NW & N Wales,8.9,3.4,5.2,80.3,37.8,6.15
2016,1,Midlands,8.1,2,7.9,98.8,44.6,5.05
2016,2,Midlands,8,1.1,11.2,70.1,99.1,4.55
2016,3,Midlands,9.2,1.5,7.6,82.8,116.8,5.35
2016,4,Midlands,11.6,2.7,5.4,62.2,165.5,7.15
2016,5,Midlands,17,7.1,0.3,55.2,205.3,12.05
2016,6,Midlands,19.1,10.8,0,99.2,124.8,14.95
2016,7,Midlands,21.2,12.1,0,35,187.6,16.65
2016,8,Midlands,21.4,12.1,0,64.7,202.9,16.75
2016,9,Midlands,19.7,11.6,0,58.2,132.7,15.65
2016,10,Midlands,14,6.7,0,28,107.5,10.35
2016,11,Midlands,8.5,2.2,6.1,96.6,80.7,5.35
2016,12,Midlands,8.8,2.4,7.9,34.1,52.8,5.6
2016,1,East Anlia,8.4,2.1,7.9,69,54.2,5.25
2016,2,East Anlia,8.5,1.6,10.8,28.4,93.5,5.05
2016,3,East Anlia,9.7,2.1,6.1,65.3,129,5.9
2016,4,East Anlia,12.3,3.3,3.8,55.4,175.7,7.8
2016,5,East Anlia,17.5,7.9,0.8,48.7,203.8,12.7
2016,6,East Anlia,19.6,11.1,0,102.2,132,15.35
2016,7,East Anlia,23,12.7,0,27.2,226.5,17.85
2016,8,East Anlia,23.6,12.7,0,27.7,240.5,18.15
2016,9,East Anlia,21.7,12.6,0,42.4,140.9,17.15
2016,10,East Anlia,15.1,7.5,0,32.6,105.3,11.3
2016,11,East Anlia,9.6,2.7,4.3,69.1,86.5,6.15
2016,12,East Anlia,9.1,2.4,8.1,19.5,53.5,5.75
2016,1,Englad SE & Centra SOuth,9,2.4,6.8,131.2,59.6,5.7
2016,2,Englad SE & Centra SOuth,8.7,2.1,9.3,54,89.4,5.4
2016,3,Englad SE & Centra SOuth,10.1,2.1,7.6,80.8,136,6.1
2016,4,Englad SE & Centra SOuth,12.6,3.6,4.1,51.3,176.8,8.1
2016,5,Englad SE & Centra SOuth,17.9,8.1,0.6,63.5,214.2,13
2016,6,Englad SE & Centra SOuth,19.5,11.4,0,91.9,126.9,15.45
2016,7,Englad SE & Centra SOuth,22.2,12.7,0,18.1,212.9,17.45
2016,8,Englad SE & Centra SOuth,22.9,12.8,0,39.4,234.5,17.85
2016,9,Englad SE & Centra SOuth,21,12.4,0,51.3,139.2,16.7
2016,10,Englad SE & Centra SOuth,15.1,7.1,0,29.7,128.3,11.1
2016,11,Englad SE & Centra SOuth,10.1,2.8,5.6,100.7,84.1,6.45
2016,12,Englad SE & Centra SOuth,9.6,2.6,9.1,17.9,61.7,6.1
2016,1,England E & NE,7.1,1.7,11.2,120.6,37.2,4.4
2016,2,England E & NE,7.2,0.5,13.2,53.6,103,3.85
2016,3,England E & NE,8.8,1.7,6.2,67.6,111.5,5.25
2016,4,England E & NE,10.5,2.3,5.9,70.5,163.7,6.4
2016,5,England E & NE,15.4,6.6,0.5,36.4,198,11
2016,6,England E & NE,17.5,9.5,0,77.7,135.3,13.5
2016,7,England E & NE,20.4,11.4,0,51.5,187.4,15.9
2016,8,England E & NE,20.4,11.6,0,73.7,202.5,16
2016,9,England E & NE,19.1,11.2,0,48.8,142.5,15.15
2016,10,England E & NE,13.4,6.9,0,50,101.3,10.15
2016,11,England E & NE,7.9,1.7,8.3,93.4,82.2,4.8
2016,12,England E & NE,8.6,2.6,5.4,38.4,53.6,5.6
2016,1,Scotland,5.4,0.7,14.3,251.5,20.9,3.05
2016,2,Scotland,5.2,-0.8,17.9,162.6,74.2,2.2
2016,3,Scotland,8,1.2,10.8,89.7,104,4.6
2016,4,Scotland,8.8,1.5,10,99,145.1,5.15
2016,5,Scotland,14.2,5.6,1.1,72.7,203.7,9.9
2016,6,Scotland,16.1,8.6,0,89.4,141.1,12.35
2016,7,Scotland,16.5,9.8,0,137.6,108.6,13.15
2016,8,Scotland,17.1,9.7,0.1,117.8,143.5,13.4
2016,9,Scotland,16,9.5,0,142,96.3,12.75
2016,10,Scotland,11.9,4.9,1.6,65.6,95.2,8.4
2016,11,Scotland,6.5,0.2,13.4,113.4,63.3,3.35
2016,12,Scotland,8.5,2.8,6.3,145,20.4,5.65
2017,1,Wales,7.2,1.8,11,83.3,49,4.5
2017,2,Wales,8.1,3.2,6.2,119.1,42.9,5.65
2017,3,Wales,10.9,4.1,2.2,155.1,98.3,7.5
2017,4,Wales,12.3,4.1,2.8,25.5,161.7,8.2
2017,5,Wales,16.9,8,0.5,71.4,215.6,12.45
2017,6,Wales,18.3,11,0,130.8,160.7,14.65
2017,7,Wales,19.4,11.4,0,121.1,177.1,15.4
2017,8,Wales,18.2,10.8,0,111.3,146.7,14.5
2017,9,Wales,16,9.2,0,171.5,104,12.6
2017,10,Wales,14.3,8.7,0.5,109.3,69.6,11.5
2017,11,Wales,9.8,3.6,5.6,145.9,59,6.7
2017,12,Wales,7.6,2.3,9.4,171.3,39.4,4.95
2017,1,South West,7.8,2.1,10.2,89.2,64.1,4.95
2017,2,South West,8.9,3.7,5,92.4,56.8,6.3
2017,3,South West,11.5,5,1,122.4,93.7,8.25
2017,4,South West,13.3,4.3,2.3,26.1,185.9,8.8
2017,5,South West,16.9,8.4,0.2,66.9,200.4,12.65
2017,6,South West,19.2,11.3,0,100.8,182.1,15.25
2017,7,South West,20.1,12.2,0,115.3,175.4,16.15
2017,8,South West,19,11.2,0,88.3,157.8,15.1
2017,9,South West,16.7,9.8,0,138.8,115.6,13.25
2017,10,South West,15.1,9.3,0.2,77.7,83.8,12.2
2017,11,South West,10.7,4,4.7,106.9,74.7,7.35
2017,12,South West,8.6,2.9,7,160.7,48.5,5.75
2017,1,England NW & N Wales,6.7,1.5,12.5,74.3,50.4,4.1
2017,2,England NW & N Wales,7.9,3,4.6,112,39.8,5.45
2017,3,England NW & N Wales,10.8,3.9,2.8,150.3,115.9,7.35
2017,4,England NW & N Wales,11.8,4.3,2.9,26,151.1,8.05
2017,5,England NW & N Wales,16.9,7.6,0.4,60.9,221.5,12.25
2017,6,England NW & N Wales,18,10.9,0,136.3,145.1,14.45
2017,7,England NW & N Wales,18.9,11.1,0,120.7,172.9,15
2017,8,England NW & N Wales,18,11,0,115.1,145.1,14.5
2017,9,England NW & N Wales,15.7,9.3,0,170,97.8,12.5
2017,10,England NW & N Wales,14,8.6,0.7,145.2,63.1,11.3
2017,11,England NW & N Wales,9.2,3.3,5.9,147.4,64.6,6.25
2017,12,England NW & N Wales,6.9,1.6,11.5,143.8,36.9,4.25
2017,1,Midlands,6.5,0.7,15.2,59,51.1,3.6
2017,2,Midlands,8.3,3.1,4.8,55.9,48.8,5.7
2017,3,Midlands,12.1,4.4,1.2,66.8,124.7,8.25
2017,4,Midlands,13.5,3.9,2.1,16.3,175.4,8.7
2017,5,Midlands,17.7,8.1,0.2,55.8,197.7,12.9
2017,6,Midlands,20.3,11.4,0,66.2,173.7,15.85
2017,7,Midlands,21.3,11.9,0,79.9,176.7,16.6
2017,8,Midlands,19.8,11,0,67.9,175.2,15.4
2017,9,Midlands,17.3,9.2,0,84.6,114,13.25
2017,10,Midlands,15.2,8.9,0.5,46.2,83,12.05
2017,11,Midlands,9.8,3.1,6,55,82,6.45
2017,12,Midlands,7.3,1.6,11.9,87.6,55.4,4.45
2017,1,East Anlia,6.5,0.2,16.1,47.5,67.3,3.35
2017,2,East Anlia,9.1,3.6,2,37.7,56.3,6.35
2017,3,East Anlia,13.1,5,0.1,32.8,127.9,9.05
2017,4,East Anlia,14.2,4.2,2.3,13.5,182.8,9.2
2017,5,East Anlia,18.4,8.8,0.1,61.2,183.4,13.6
2017,6,East Anlia,22,12.2,0,64.1,210.2,17.1
2017,7,East Anlia,22.3,12.9,0,79,188.5,17.6
2017,8,East Anlia,21.6,11.7,0,60.3,191.5,16.65
2017,9,East Anlia,18.4,9.7,0,57.7,124.1,14.05
2017,10,East Anlia,16.2,9.2,0,18,89.3,12.7
2017,11,East Anlia,10.1,3.5,4.5,42.2,86.6,6.8
2017,12,East Anlia,7.5,1.8,11.3,89.8,60.6,4.65
2017,1,Englad SE & Centra SOuth,7.2,0.2,16.8,81.6,75.1,3.7
2017,2,Englad SE & Centra SOuth,9.2,3.6,3.5,50.1,54.3,6.4
2017,3,Englad SE & Centra SOuth,13,5.5,0.1,41.8,127.1,9.25
2017,4,Englad SE & Centra SOuth,14.6,4.2,2.5,8.5,203.3,9.4
2017,5,Englad SE & Centra SOuth,18.3,8.7,0.3,68.6,194.3,13.5
2017,6,Englad SE & Centra SOuth,21.9,11.9,0,53.2,235.9,16.9
2017,7,Englad SE & Centra SOuth,22.3,13.2,0,95.4,202.2,17.75
2017,8,Englad SE & Centra SOuth,21.1,11.8,0,71.5,197.3,16.45
2017,9,Englad SE & Centra SOuth,18.2,9.8,0,70.7,134.3,14
2017,10,Englad SE & Centra SOuth,16.1,9.1,0.3,29.8,92.7,12.6
2017,11,Englad SE & Centra SOuth,10.7,3.3,5.6,48.5,84.6,7
2017,12,Englad SE & Centra SOuth,8.3,2,11.9,106.4,51.8,5.15
2017,1,England E & NE,6,0.6,15,39.4,59.6,3.3
2017,2,England E & NE,8,2.7,4.8,65.9,61.9,5.35
2017,3,England E & NE,11.4,3.8,2.8,63.8,135.4,7.6
2017,4,England E & NE,12.7,3.5,2.9,19.4,177.4,8.1
2017,5,England E & NE,16.8,7.5,0.1,42.8,205.7,12.15
2017,6,England E & NE,19.3,10.9,0,115.8,176.5,15.1
2017,7,England E & NE,19.7,11,0,81.9,178.9,15.35
2017,8,England E & NE,19.4,10.6,0,64.4,182.9,15
2017,9,England E & NE,16.7,9.1,0,84.8,118,12.9
2017,10,England E & NE,14.8,8.4,0.3,49.7,84.2,11.6
2017,11,England E & NE,8.9,2.6,6.7,69.5,88.5,5.75
2017,12,England E & NE,6.7,0.9,14.6,57.1,65.1,3.8
2017,1,Scotland,6.4,0.7,14.6,99.9,45.9,3.55
2017,2,Scotland,6.7,1.2,10.3,142.2,60.1,3.95
2017,3,Scotland,9,1.8,9.8,127.3,117.3,5.4
2017,4,Scotland,10.2,3.2,4.3,62.9,128,6.7
2017,5,Scotland,15.4,6,1,53.6,212.7,10.7
2017,6,Scotland,15.5,8.9,0.2,152.8,106.4,12.2
2017,7,Scotland,16.7,9.2,0,109.8,143.2,12.95
2017,8,Scotland,16.4,9.4,0,146.3,124.6,12.9
2017,9,Scotland,14.2,8.1,0,140.7,93,11.15
2017,10,Scotland,12.5,6.7,1,177.9,55.4,9.6
2017,11,Scotland,6.7,1.5,9.9,163.3,55.5,4.1
2017,12,Scotland,5.7,0.2,16.2,146.2,31.1,2.95
2018,1,Wales,7.5,2.1,7.9,170.1,47.5,4.8
2018,2,Wales,5.6,-0.2,14.2,78.1,96.5,2.7
2018,3,Wales,7.1,0.9,10.9,140.9,84.7,4
2018,4,Wales,12.1,5.1,2,115.1,124.6,8.6
2018,5,Wales,17,6.8,0.7,60.4,232.2,11.9
2018,6,Wales,20.5,10.3,0,20.4,261,15.4
2018,7,Wales,22.6,11.9,0,62.6,246.9,17.25
2018,8,Wales,18.9,11.4,0,99.2,138.5,15.15
2018,9,Wales,16.2,8.8,0.3,134.6,124.7,12.5
2018,10,Wales,13.3,5.8,3.7,132,114.8,9.55
2018,11,Wales,10.2,4.8,2.8,164.4,58.2,7.5
2018,12,Wales,9.1,4.8,2.5,189.5,19.6,6.95
2018,1,South West,8.6,2.8,5.8,153.9,52.9,5.7
2018,2,South West,6.3,0.3,13.5,65.2,114,3.3
2018,3,South West,8,1.7,8.8,168.2,87.4,4.85
2018,4,South West,12.9,5.9,0.9,103,127.1,9.4
2018,5,South West,17.4,7.4,0.4,49.3,230,12.4
2018,6,South West,21.1,11.1,0,13.7,257.6,16.1
2018,7,South West,23.5,12.7,0,52.7,260.3,18.1
2018,8,South West,20.1,12,0,91,142,16.05
2018,9,South West,17.5,9.4,0.2,89,139.5,13.45
2018,10,South West,14.2,6.4,3.2,104.8,128.3,10.3
2018,11,South West,10.9,5.5,2.8,180.6,64.1,8.2
2018,12,South West,10,5.3,1.9,173.8,23,7.65
2018,1,England NW & N Wales,6.7,1.8,7.4,152.4,43.9,4.25
2018,2,England NW & N Wales,5.2,-0.4,15,77.9,94,2.4
2018,3,England NW & N Wales,6.8,0.7,12.5,88.7,82.9,3.75
2018,4,England NW & N Wales,11.9,4.9,1.9,94.8,121.5,8.4
2018,5,England NW & N Wales,17.2,6.9,0.5,46.8,255.5,12.05
2018,6,England NW & N Wales,20.2,9.9,0,32.8,257.6,15.05
2018,7,England NW & N Wales,22.2,11.7,0,57.4,246.8,16.95
2018,8,England NW & N Wales,18.7,11.6,0,98.4,134.8,15.15
2018,9,England NW & N Wales,15.7,8.8,0.1,136.9,117.8,12.25
2018,10,England NW & N Wales,13,6,3.3,113.6,98.9,9.5
2018,11,England NW & N Wales,10.1,4.7,2.6,118.9,55.9,7.4
2018,12,England NW & N Wales,8.4,3.9,3.9,158.1,28.9,6.15
2018,1,Midlands,7.6,2,7.1,82.6,54.1,4.8
2018,2,Midlands,5.5,-0.5,15.4,37,96.6,2.5
2018,3,Midlands,7.8,1.1,11.5,105.1,75.5,4.45
2018,4,Midlands,13.1,5.7,0.6,79.1,114.1,9.4
2018,5,Midlands,18.7,7.4,0.3,55.1,249.8,13.05
2018,6,Midlands,21.5,10.4,0,11.4,232.1,15.95
2018,7,Midlands,25.4,12.6,0,30.7,268,19
2018,8,Midlands,21.4,11.9,0,55.5,167,16.65
2018,9,Midlands,18,9,0.1,60.9,147.7,13.5
2018,10,Midlands,14.3,6.2,3.2,54.2,124.2,10.25
2018,11,Midlands,10.6,4.6,2.8,62.5,62.9,7.6
2018,12,Midlands,9.1,3.7,3.9,92.7,44.3,6.4
2018,1,East Anlia,8.4,2.4,6.8,54.5,62.3,5.4
2018,2,East Anlia,5.8,-0.5,16.1,42.9,99.1,2.65
2018,3,East Anlia,8.4,1.9,9.4,70.6,75.6,5.15
2018,4,East Anlia,14.3,6.6,0,65.6,125,10.45
2018,5,East Anlia,19,7.9,0,37.4,256.7,13.45
2018,6,East Anlia,21.6,10.8,0,5.8,241.1,16.2
2018,7,East Anlia,26.3,13.5,0,24.1,282.5,19.9
2018,8,East Anlia,23,12.8,0,61.1,200.8,17.9
2018,9,East Anlia,19.5,9.6,0,29.8,176.8,14.55
2018,10,East Anlia,15.9,7.2,1.1,56.1,158.4,11.55
2018,11,East Anlia,11.4,5.1,1.1,47.9,85,8.25
2018,12,East Anlia,9.5,3.8,3.4,60.7,52.5,6.65
2018,1,Englad SE & Centra SOuth,9,2.9,4.1,81.2,57.4,5.95
2018,2,Englad SE & Centra SOuth,6.3,-0.5,15.9,42.3,119.2,2.9
2018,3,Englad SE & Centra SOuth,8.8,2.1,7.9,100.8,77.2,5.45
2018,4,Englad SE & Centra SOuth,14.3,6.7,0,76.1,134,10.5
2018,5,Englad SE & Centra SOuth,19.4,8,0.4,54.5,261.6,13.7
2018,6,Englad SE & Centra SOuth,22,11.1,0,2.8,263.6,16.55
2018,7,Englad SE & Centra SOuth,26.1,13.7,0,30,300.8,19.9
2018,8,Englad SE & Centra SOuth,22.5,12.5,0,67,190.9,17.5
2018,9,Englad SE & Centra SOuth,19.3,9.3,0,38.6,184.1,14.3
2018,10,Englad SE & Centra SOuth,15.7,6.9,2,53,142.7,11.3
2018,11,Englad SE & Centra SOuth,11.5,5.3,2.8,113.9,76,8.4
2018,12,Englad SE & Centra SOuth,10.1,4.4,3.2,98.1,46,7.25
2018,1,England E & NE,6.5,1.6,7.6,72.9,59,4.05
2018,2,England E & NE,4.9,-0.7,17,55.1,83.4,2.1
2018,3,England E & NE,6.9,0.7,13,93.5,83,3.8
2018,4,England E & NE,12.3,4.9,1.2,75.3,126.9,8.6
2018,5,England E & NE,17.4,6.9,0.8,32.6,261.6,12.15
2018,6,England E & NE,19.5,9.6,0,26,223.2,14.55
2018,7,England E & NE,23.4,12.2,0,41.8,246.1,17.8
2018,8,England E & NE,20.6,11.6,0,55,168.7,16.1
2018,9,England E & NE,17.3,8.6,0,55.7,145.9,12.95
2018,10,England E & NE,13.9,6,2.7,62.6,125.6,9.95
2018,11,England E & NE,10.1,4.6,1.5,71.6,63.7,7.35
2018,12,England E & NE,8.2,2.5,6.2,71.5,53.6,5.35
2018,1,Scotland,4.6,-0.3,16.2,184.1,39.3,2.15
2018,2,Scotland,4.4,-1.3,19.1,96.8,92.8,1.55
2018,3,Scotland,5.2,-0.4,16.7,99.4,89.6,2.4
2018,4,Scotland,10.2,3.1,5.9,85,146.7,6.65
2018,5,Scotland,15.6,5.9,1.2,48.1,224.3,10.75
2018,6,Scotland,17.8,8.4,0,69.2,215.3,13.1
2018,7,Scotland,19.4,10.6,0,79.3,182.2,15
2018,8,Scotland,16.4,9.5,0,103.8,118.5,12.95
2018,9,Scotland,13.7,7.2,0.2,171.1,104.4,10.45
2018,10,Scotland,11.3,4.8,4.4,168.5,82.1,8.05
2018,11,Scotland,8.9,3.5,4.1,158.7,52.5,6.2
2018,12,Scotland,6.8,1.6,9.6,131.1,30.4,4.2
2019,1,Wales,6.5,1.6,12,81.6,36,4.05
2019,2,Wales,10.4,2.4,6.1,87.6,104.7,6.4
2019,3,Wales,10.1,3.8,2.7,176.9,111,6.95
2019,4,Wales,13.1,4.5,2.7,98.1,154.7,8.8
2019,5,Wales,14.9,5.7,1.6,47.2,198.3,10.3
2019,6,Wales,16.9,9.6,0,146.7,139.9,13.25
2019,7,Wales,20.4,11.8,0,58.8,181.8,16.1
2019,8,Wales,19.4,12.3,0,144,176.4,15.85
2019,9,Wales,17.1,9.6,0,193.4,150.5,13.35
2019,10,Wales,12.6,6.2,1.1,208,79.3,9.4
2019,11,Wales,8.4,3.4,4,177.6,44.6,5.9
2019,12,Wales,8.3,3,5.1,184.6,41,5.65
2019,1,South West,7.2,2,10.3,72.1,43,4.6
2019,2,South West,10.8,3.1,5.1,78,108.8,6.95
2019,3,South West,11.1,4.5,1.6,130.2,121.3,7.8
2019,4,South West,13.5,5,2,77.3,163.2,9.25
2019,5,South West,15.7,6.2,1.3,35.2,211.8,10.95
2019,6,South West,17.7,10.1,0,111.6,152.1,13.9
2019,7,South West,21.6,12.2,0,46.7,218.4,16.9
2019,8,South West,20.3,12.4,0,117.4,187.2,16.35
2019,9,South West,18,10.4,0,163.6,158,14.2
2019,10,South West,13.7,7.2,0.6,197.1,79.4,10.45
2019,11,South West,9.5,4.2,2.8,176.8,46.6,6.85
2019,12,South West,9.1,3.4,4.3,185.2,49.2,6.25
2019,1,England NW & N Wales,6,1.2,13.1,72.8,43.6,3.6
2019,2,England NW & N Wales,10.2,2.3,5.7,82.8,104.3,6.25
2019,3,England NW & N Wales,9.7,3.6,2.4,187.3,101,6.65
2019,4,England NW & N Wales,13.2,4,4.2,75.6,179.8,8.6
2019,5,England NW & N Wales,14.4,5.9,1,57.1,187.5,10.15
2019,6,England NW & N Wales,16.9,9.4,0,133.9,159.6,13.15
2019,7,England NW & N Wales,20.2,12.2,0,113.6,169,16.2
2019,8,England NW & N Wales,19.2,12.5,0,163.9,166.6,15.85
2019,9,England NW & N Wales,16.5,9.4,0,186.3,139.5,12.95
2019,10,England NW & N Wales,12,5.8,1.6,154.7,89.5,8.9
2019,11,England NW & N Wales,7.9,2.9,6.6,126.8,43.1,5.4
2019,12,England NW & N Wales,7.8,2.7,5.3,147.9,39.5,5.25
2019,1,Midlands,6.4,0.9,14.3,32.2,51.5,3.65
2019,2,Midlands,11,1.7,8,38.5,118.1,6.35
2019,3,Midlands,11.3,3.9,1.2,83.8,130.7,7.6
2019,4,Midlands,13.9,3.5,5.2,35.9,168.5,8.7
2019,5,Midlands,16.1,6,0.2,42.6,196,11.05
2019,6,Midlands,18.4,9.6,0,124.1,145.2,14
2019,7,Midlands,22.3,12.5,0,78.9,186.8,17.4
2019,8,Midlands,21.7,12.3,0,80.2,199.8,17
2019,9,Midlands,18.5,9.4,0,115,166.4,13.95
2019,10,Midlands,13,6.1,0.8,129,86.3,9.55
2019,11,Midlands,8.4,3.3,4.9,125.1,45.3,5.85
2019,12,Midlands,8.2,2.5,6.2,88.2,56.4,5.35
2019,1,East Anlia,6.7,0.9,12.7,26.1,60.1,3.8
2019,2,East Anlia,11.5,1.8,8.3,27.9,137.2,6.65
2019,3,East Anlia,12,4.4,0.9,47.1,133.3,8.2
2019,4,East Anlia,14.1,3.6,5.1,11,192.1,8.85
2019,5,East Anlia,16.7,6.5,0,40.9,209.2,11.6
2019,6,East Anlia,20.1,10.9,0,87.8,177,15.5
2019,7,East Anlia,23.6,13.3,0,41.5,205.1,18.45
2019,8,East Anlia,24,12.5,0,36.7,241.7,18.25
2019,9,East Anlia,20,9.9,0,63.8,178.1,14.95
2019,10,East Anlia,14.4,7.2,0.4,92,82.5,10.8
2019,11,East Anlia,9.5,3.5,4,71.5,54.9,6.5
2019,12,East Anlia,8.9,2.8,6.7,82,66.4,5.85
2019,1,Englad SE & Centra SOuth,7,0.7,14.6,32.8,61.1,3.85
2019,2,Englad SE & Centra SOuth,11,2.2,7.2,55.5,122.5,6.6
2019,3,Englad SE & Centra SOuth,12.1,4.8,1,63.5,126.3,8.45
2019,4,Englad SE & Centra SOuth,14.5,4.4,3.6,25.9,180.6,9.45
2019,5,Englad SE & Centra SOuth,17.1,6.4,0.3,31,211.3,11.75
2019,6,Englad SE & Centra SOuth,19.9,10.5,0,89.9,188.8,15.2
2019,7,Englad SE & Centra SOuth,23.6,12.8,0,49,233.7,18.2
2019,8,Englad SE & Centra SOuth,22.7,12.4,0,51.5,228.2,17.55
2019,9,Englad SE & Centra SOuth,19.7,10.2,0,92,172.5,14.95
2019,10,Englad SE & Centra SOuth,14.7,7.5,0.5,125,84.1,11.1
2019,11,Englad SE & Centra SOuth,9.8,3.6,4,112.9,59,6.7
2019,12,Englad SE & Centra SOuth,9.5,3.1,6.5,130,63,6.3
2019,1,England E & NE,6.2,0.7,14,23,70.2,3.45
2019,2,England E & NE,10.4,1.7,7.6,36.3,122.6,6.05
2019,3,England E & NE,10.8,3.3,2.9,82.6,141,7.05
2019,4,England E & NE,12.6,3,5.5,27.5,189.3,7.8
2019,5,England E & NE,14.9,5.6,1.2,51.9,196.2,10.25
2019,6,England E & NE,17.7,9.1,0,116.1,161.9,13.4
2019,7,England E & NE,21.6,12.4,0,78.2,184.5,17
2019,8,England E & NE,21,12.1,0,91,196.8,16.55
2019,9,England E & NE,17.6,9,0,110.2,161.9,13.3
2019,10,England E & NE,12,5.7,1.1,117.5,92.3,8.85
2019,11,England E & NE,7.9,3.2,5.9,128.5,44.6,5.55
2019,12,England E & NE,7.6,2.2,6.9,62.6,60.7,4.9
2019,1,Scotland,5.2,-0.2,17.2,106.9,47.4,2.5
2019,2,Scotland,8.5,1.6,8.6,104.3,66.1,5.05
2019,3,Scotland,8.1,2.4,7.4,178.6,99.7,5.25
2019,4,Scotland,11.7,3.3,5.2,52.8,161.7,7.5
2019,5,Scotland,12.5,4.2,4,104.4,164.5,8.35
2019,6,Scotland,15.5,7.8,0,102.5,157.9,11.65
2019,7,Scotland,18.4,11.2,0,128.6,131.5,14.8
2019,8,Scotland,17.4,10.5,0,207.9,128.6,13.95
2019,9,Scotland,14.9,8,0,131.8,109.3,11.45
2019,10,Scotland,10.3,4.1,5,148,90.7,7.2
2019,11,Scotland,6.1,1.1,12.7,102.4,47.3,3.6
2019,12,Scotland,6.7,1.6,10,189.9,28.2,4.15
2020,1,Wales,8.3,3.2,4.2,146.1,45.9,5.75
2020,2,Wales,8.5,3.1,3.1,295.3,64.2,5.8
2020,3,Wales,9.6,2.2,6.6,103,142.1,5.9
2020,4,Wales,15.1,4.8,2.2,40.7,219.3,9.95
2020,5,Wales,17,6.2,2.2,14.5,285.8,11.6
2020,6,Wales,18.1,10.1,0,140.9,157.8,14.1
2020,7,Wales,17.8,10.8,0,121.3,143.5,14.3
2020,8,Wales,19.6,12.5,0,184.4,127.4,16.05
2020,9,Wales,17.3,8.8,0.1,80.8,153.6,13.05
2020,10,Wales,12.5,6.9,0,219.8,63.2,9.7
2020,11,Wales,11,5,2.8,137,54.2,8
2020,12,Wales,7.4,2.5,7.1,262.9,30,4.95
2020,1,South West,8.9,3.7,4.6,128.6,53.1,6.3
2020,2,South West,9.4,3.9,1.6,240.9,67.4,6.65
2020,3,South West,10.3,2.9,4.2,91,155.4,6.6
2020,4,South West,15.8,5.4,2,44.1,228.9,10.6
2020,5,South West,17.8,6.8,1.5,12.1,311.1,12.3
2020,6,South West,18.6,10.4,0,135.4,179.4,14.5
2020,7,South West,19,11.2,0,77,184.5,15.1
2020,8,South West,20.5,13.1,0,153.9,148.6,16.8
2020,9,South West,18.3,9.5,0,59.4,162.9,13.9
2020,10,South West,13.3,7.5,0,196.3,71.2,10.4
2020,11,South West,11.7,5.6,2.4,107.9,65.4,8.65
2020,12,South West,8.3,3.1,5.4,241,43.5,5.7
2020,1,England NW & N Wales,8.1,3.2,3.6,130.2,38.8,5.65
2020,2,England NW & N Wales,8,2.6,4,293.2,63.9,5.3
2020,3,England NW & N Wales,9.5,2,7,91.7,136.2,5.75
2020,4,England NW & N Wales,14.5,4.4,1.6,25.1,226.5,9.45
2020,5,England NW & N Wales,16.5,6.1,2,19.1,271.9,11.3
2020,6,England NW & N Wales,18.2,10.2,0,140.1,151.6,14.2
2020,7,England NW & N Wales,17.4,10.8,0,141.4,121.1,14.1
2020,8,England NW & N Wales,19.4,12.2,0,185,140.2,15.8
2020,9,England NW & N Wales,16.5,8.5,0,83.1,147.4,12.5
2020,10,England NW & N Wales,12.3,6.5,0.1,205,67.4,9.4
2020,11,England NW & N Wales,10.7,5.1,1.6,139.5,45.9,7.9
2020,12,England NW & N Wales,6.7,1.9,8.6,190.1,28,4.3
2020,1,Midlands,8.8,3.4,3.6,64.5,54.7,6.1
2020,2,Midlands,9.3,2.7,3.2,162,79,6
2020,3,Midlands,10.4,2.1,6.9,44.4,150.7,6.25
2020,4,Midlands,15.9,4.6,1.4,28.2,233.9,10.25
2020,5,Midlands,18.3,6.3,1.8,6.7,293.5,12.3
2020,6,Midlands,19.7,10.4,0,93.1,172,15.05
2020,7,Midlands,19.9,11.3,0,66.5,152.3,15.6
2020,8,Midlands,21.6,12.9,0,118.3,150.9,17.25
2020,9,Midlands,18.5,9,0,35.7,169.8,13.75
2020,10,Midlands,13.2,6.9,0,127.7,64.1,10.05
2020,11,Midlands,11.1,4.9,3.3,53.8,57.5,8
2020,12,Midlands,7.1,1.9,8.6,126.6,47.6,4.5
2020,1,East Anlia,9.2,3.8,3.4,50.3,59.7,6.5
2020,2,East Anlia,10.2,3.2,3.4,78.7,90.4,6.7
2020,3,East Anlia,10.8,2.7,4.2,24.6,167.7,6.75
2020,4,East Anlia,16.1,4.8,1.3,27,249,10.45
2020,5,East Anlia,19.1,6.9,1.2,2.8,309.3,13
2020,6,East Anlia,20.9,10.6,0,59.6,216.1,15.75
2020,7,East Anlia,21.8,11.9,0,52.1,179.6,16.85
2020,8,East Anlia,23.8,14.2,0,80.7,182.2,19
2020,9,East Anlia,20,9.9,0,59.2,176.9,14.95
2020,10,East Anlia,14.1,8,0,113.6,62.9,11.05
2020,11,East Anlia,12.1,5.4,3.5,38.4,72.5,8.75
2020,12,East Anlia,7.5,2.4,8.5,109.9,46.1,4.95
2020,1,Englad SE & Centra South,9.3,3.8,4.7,78.5,54.7,6.55
2020,2,Englad SE & Centra South,10.2,3.8,2.9,137.1,75.6,7
2020,3,Englad SE & Centra South,10.9,3.2,4,55,168.9,7.05
2020,4,Englad SE & Centra South,16.7,5.1,2.2,47.7,249.8,10.9
2020,5,Englad SE & Centra South,19.2,7.1,1.1,4.9,327.5,13.15
2020,6,Englad SE & Centra South,20.8,10.9,0,53,212.7,15.85
2020,7,Englad SE & Centra South,21.8,11.7,0,36.9,204.5,16.75
2020,8,Englad SE & Centra South,23.6,14.1,0,81.7,186.1,18.85
2020,9,Englad SE & Centra South,20.2,9.9,0,35.2,172.1,15.05
2020,10,Englad SE & Centra South,14.4,7.8,0,182.4,69.4,11.1
2020,11,Englad SE & Centra South,12.3,5.9,3.1,64.3,60.3,9.1
2020,12,Englad SE & Centra South,8.2,2.8,8.8,123.6,48.6,5.5
2020,1,England E & NE,8.5,2.9,4,48,67.3,5.7
2020,2,England E & NE,8.3,2.1,5.4,141.5,90.2,5.2
2020,3,England E & NE,9.9,1.8,8.2,35.3,153.6,5.85
2020,4,England E & NE,14,4.2,1.1,9.7,223.6,9.1
2020,5,England E & NE,17.1,6.2,2,15.9,276.1,11.65
2020,6,England E & NE,18.2,9.8,0,89.8,153.2,14
2020,7,England E & NE,19,10.6,0,66,142.6,14.8
2020,8,England E & NE,19.9,12.1,0,111.2,142.5,16
2020,9,England E & NE,17.3,8.7,0.1,50.7,152.7,13
2020,10,England E & NE,12.8,6.3,0.2,106.9,70.3,9.55
2020,11,England E & NE,10.8,4.7,2.2,40.2,60.1,7.75
2020,12,England E & NE,6.6,1.6,8.7,118.5,44.1,4.1
2020,1,Scotland,7.3,2.2,7.8,202.5,27.3,4.75
2020,2,Scotland,5.8,0.4,12.5,277.3,65.7,3.1
2020,3,Scotland,7.5,0.9,11.6,120.6,101.7,4.2
2020,4,Scotland,11.8,2.4,5.7,30.3,203.7,7.1
2020,5,Scotland,14.5,5.1,3.8,76.8,215,9.8
2020,6,Scotland,16.5,8.8,0.1,123.2,134.9,12.65
2020,7,Scotland,15.9,8.8,0,134,119.6,12.35
2020,8,Scotland,17.2,9.9,0,112.3,129.7,13.55
2020,9,Scotland,14.7,7.3,1.1,125.4,112.4,11
2020,10,Scotland,10.8,5.1,0.5,241.3,60.5,7.95
2020,11,Scotland,9.3,4,3.7,161.2,42.5,6.65
2020,12,Scotland,5.7,1.1,12,196.9,26.2,3.4
2021,1,Wales,5.9,0.7,15,213.3,34.5,3.3
2021,2,Wales,7.4,1.7,10.4,159.6,66.5,4.55
2021,3,Wales,9.9,3,6.6,98.4,107.7,6.45
2021,4,Wales,11.3,1.1,11.5,17.1,233.9,6.2
2021,5,Wales,13.3,5.3,2.6,213.9,171.4,9.3
2021,6,Wales,18.7,9.6,0,32.7,176.9,14.15
2021,7,Wales,21.1,12.1,0,82.4,205.6,16.6
2021,8,Wales,18.4,11.1,0,77.6,124,14.75
2021,9,Wales,18.8,10.9,0,122.4,121.5,14.85
2021,10,Wales,14.2,8.6,0,215.2,77.7,11.4
2021,11,Wales,10.2,4.4,4.9,73.3,52.7,7.3
2021,12,Wales,8.8,4.1,4.3,191.8,27.5,6.45
2021,1,South West,6.7,1.2,14.4,173.6,38.9,3.95
2021,2,South West,8.3,2.4,9.1,132.8,68.4,5.35
2021,3,South West,10.7,3.4,5.1,63.8,116.8,7.05
2021,4,South West,12,1.6,9.3,13.5,243.9,6.8
2021,5,South West,13.8,5.9,1.7,188.4,178.2,9.85
2021,6,South West,19.2,10.3,0,50.1,185.1,14.75
2021,7,South West,21.5,12.8,0,99.4,215.7,17.15
2021,8,South West,19.2,11.5,0,61.3,138.4,15.35
2021,9,South West,19.4,11.2,0,98.3,132.1,15.3
2021,10,South West,15.1,9,0,200.1,97.9,12.05
2021,11,South West,10.8,4.7,3.8,49.3,64.6,7.75
2021,12,South West,9.8,5.1,2.5,145.4,29.8,7.45
2021,1,England NW & N Wales,5,-0.1,16.9,199.1,36.1,2.45
2021,2,England NW & N Wales,7.1,1.4,10.3,133,74,4.25
2021,3,England NW & N Wales,9.6,3.1,6,123.3,110.1,6.35
2021,4,England NW & N Wales,11,0.7,13,15.2,237,5.85
2021,5,England NW & N Wales,13.3,5,2.7,159.5,169.9,9.15
2021,6,England NW & N Wales,18.8,9.7,0,28.3,190.1,14.25
2021,7,England NW & N Wales,21.1,12.3,0,84.6,208.8,16.7
2021,8,England NW & N Wales,18.4,11.3,0,80.1,137.3,14.85
2021,9,England NW & N Wales,18.5,11.1,0,99.9,116.2,14.8
2021,10,England NW & N Wales,13.8,8.4,0.2,218.9,73.6,11.1
2021,11,England NW & N Wales,10,4.2,5.6,89.8,57,7.1
2021,12,England NW & N Wales,7.9,3,5.6,167.8,28.3,5.45
2021,1,Midlands,5.4,0,17.3,124.5,39.4,2.7
2021,2,Midlands,7.9,1.5,11.6,64.2,74.5,4.7
2021,3,Midlands,10.7,3.3,4.3,45,105.2,7
2021,4,Midlands,11.6,0.6,13.8,13.6,220.3,6.1
2021,5,Midlands,14.4,5.3,1.5,119,156.5,9.85
2021,6,Midlands,20.2,10.6,0,36.7,185,15.4
2021,7,Midlands,22.6,12.9,0,79.7,199.5,17.75
2021,8,Midlands,19.7,11.8,0,42.9,118.8,15.75
2021,9,Midlands,20.3,11.2,0,59.5,141.7,15.75
2021,10,Midlands,15,8.5,0,104.9,94.2,11.75
2021,11,Midlands,10.3,3.8,5.5,34.5,62.2,7.05
2021,12,Midlands,8.4,3.4,4.8,86.4,28.2,5.9
2021,1,East Anlia,5.7,0.4,16.1,94.4,43.7,3.05
2021,2,East Anlia,8.3,1.8,10.6,44.7,75.9,5.05
2021,3,East Anlia,10.8,3.3,2.1,33.6,110.6,7.05
2021,4,East Anlia,11.3,1.1,12.1,4.8,217.6,6.2
2021,5,East Anlia,15.2,5.9,1.2,81.2,171.3,10.55
2021,6,East Anlia,20.8,11.7,0,60.2,205.9,16.25
2021,7,East Anlia,22.7,13,0,58.2,182.6,17.85
2021,8,East Anlia,20.9,12.3,0,32.1,127.3,16.6
2021,9,East Anlia,21.4,11.9,0,49.8,155,16.65
2021,10,East Anlia,15.9,8.4,0,82.9,99.6,12.15
2021,11,East Anlia,10.7,4.3,3.4,26.6,85.2,7.5
2021,12,East Anlia,8.9,3.6,4.1,66.8,27.3,6.25
2021,1,Englad SE & Centra South,6.6,0.8,15.5,108.9,34.6,3.7
2021,2,Englad SE & Centra South,8.5,2.2,10,54.4,68.7,5.35
2021,3,Englad SE & Centra South,11.2,3.1,4,37.2,116.5,7.15
2021,4,Englad SE & Centra South,12,1.3,12,10,222.8,6.65
2021,5,Englad SE & Centra South,15.2,6,1.9,93.6,166.1,10.6
2021,6,Englad SE & Centra South,20.8,11.5,0,90.2,188.4,16.15
2021,7,Englad SE & Centra South,22.6,13.3,0,80.2,206.7,17.95
2021,8,Englad SE & Centra South,20.5,12.1,0,52.3,137.1,16.3
2021,9,Englad SE & Centra South,21,11.6,0,46.8,150.5,16.3
2021,10,Englad SE & Centra South,16,8.8,0,137.2,98.7,12.4
2021,11,Englad SE & Centra South,10.8,3.9,5.4,14.2,74.7,7.35
2021,12,Englad SE & Centra South,9.6,4.6,3.7,82.1,29.1,7.1
2021,1,England E & NE,4.6,-0.7,18.6,131.4,53.3,1.95
2021,2,England E & NE,7,1,11,85.1,78.9,4
2021,3,England E & NE,10.4,3.3,4.1,41.4,114.8,6.85
2021,4,England E & NE,10.7,0.2,16.1,11.5,232.7,5.45
2021,5,England E & NE,13.7,4.7,2.7,101.4,169.6,9.2
2021,6,England E & NE,19.2,10,0,31.6,201.4,14.6
2021,7,England E & NE,21.4,12.3,0,72.1,190.6,16.85
2021,8,England E & NE,19.4,11.5,0,46.3,128.9,15.45
2021,9,England E & NE,19.3,11.2,0,49.8,136.4,15.25
2021,10,England E & NE,14.4,7.8,0.3,100.3,93.3,11.1
2021,11,England E & NE,10.1,4,4.3,52.8,73.2,7.05
2021,12,England E & NE,7.4,2.2,7.3,76.5,35,4.8
2021,1,Scotland,3.2,-2,23,142.5,48.6,0.6
2021,2,Scotland,5.2,-0.2,12.1,142.5,69.3,2.5
2021,3,Scotland,8.4,2.2,6.9,146.9,89,5.3
2021,4,Scotland,9.6,-0.4,16.6,37.1,214.5,4.6
2021,5,Scotland,11.8,3.7,4.5,109.9,142.7,7.75
2021,6,Scotland,16.9,8.4,0.2,40.7,165.7,12.65
2021,7,Scotland,19.2,11,0,68.9,170.4,15.1
2021,8,Scotland,17.5,10,0,87.2,124.8,13.75
2021,9,Scotland,16.3,9.6,0.1,109.4,89.2,12.95
2021,10,Scotland,12,6.5,0.8,226.7,53.9,9.25
2021,11,Scotland,8.9,3.6,4.6,156.2,42.1,6.25
2021,12,Scotland,6,0.9,13,129.5,22.7,3.45
2022,1,Wales,7.8,1.7,10.5,70.7,56.5,4.75
2022,2,Wales,9.2,3.6,1.8,205.7,60.5,6.4
2022,3,Wales,11.4,2.7,4.9,52.7,159.3,7.05
2022,4,Wales,13,3.6,5.3,47.5,163.8,8.3
2022,5,Wales,15.7,8,0,63.9,150.4,11.85
2022,6,Wales,18.1,9,0,75.9,198.2,13.55
2022,7,Wales,21.1,11.7,0,53.2,187.3,16.4
2022,8,Wales,22,11.8,0,42.9,225.3,16.9
2022,9,Wales,17.5,9.5,0,121.9,103.7,13.5
2022,10,Wales,15.2,8.7,0,180.5,106,11.95
2022,11,Wales,11.2,5.9,0.7,210.1,57.2,8.55
2022,12,Wales,6.5,0.4,13.3,169,47.5,3.45
2022,1,South West,8.5,2,9.7,60.4,58.5,5.25
2022,2,South West,9.9,4.1,1.6,141,68.2,7
2022,3,South West,11.8,3.6,2.4,63.3,163.9,7.7
2022,4,South West,13.6,4.2,4.4,36.9,177.2,8.9
2022,5,South West,16.4,8.3,0,57.1,171.5,12.35
2022,6,South West,19,9.5,0,69.1,222.7,14.25
2022,7,South West,22.2,12.1,0,29.3,220.8,17.15
2022,8,South West,23.3,12.6,0,35.3,239.5,17.95
2022,9,South West,18.2,10,0,111.1,120,14.1
2022,10,South West,16.2,9.5,0,148.7,118.8,12.85
2022,11,South West,12,6.6,0.4,221.4,66.8,9.3
2022,12,South West,7.2,1.1,12.4,157.2,53.5,4.15
2022,1,England NW & N Wales,7.5,1.9,9.2,64.8,61.9,4.7
2022,2,England NW & N Wales,8.7,3.1,2.5,196,60.9,5.9
2022,3,England NW & N Wales,11.3,2.6,6.1,42,164.3,6.95
2022,4,England NW & N Wales,12.7,3.6,5.8,49.8,172.5,8.15
2022,5,England NW & N Wales,15.4,8.3,0,71.6,143,11.85
2022,6,England NW & N Wales,18,9.4,0,72.3,189.6,13.7
2022,7,England NW & N Wales,20.5,12.2,0,63.8,175.3,16.35
2022,8,England NW & N Wales,21.3,11.9,0,58,215.5,16.6
2022,9,England NW & N Wales,17.3,9.5,0,118.5,115,13.4
2022,10,England NW & N Wales,14.6,8.6,0,175.7,98.3,11.6
2022,11,England NW & N Wales,10.9,5.8,1,169,51.7,8.35
2022,12,England NW & N Wales,6,0,13.7,151.9,50.4,3
2022,1,Midlands,7.7,0.9,13.2,28.7,80.7,4.3
2022,2,Midlands,9.9,3,2.1,111.4,80.5,6.45
2022,3,Midlands,11.9,2.8,4.2,41.3,164,7.35
2022,4,Midlands,13.8,3.8,5.9,23.9,177.9,8.8
2022,5,Midlands,17.3,8.3,0,50.4,160,12.8
2022,6,Midlands,20.1,9.5,0,45.7,211.5,14.8
2022,7,Midlands,23.5,12.6,0,23.7,198.6,18.05
2022,8,Midlands,24.2,12.5,0,30.6,234.7,18.35
2022,9,Midlands,18.6,9.7,0,62.4,119.9,14.15
2022,10,Midlands,16.2,8.7,0,108.5,132.1,12.45
2022,11,Midlands,11.4,5.9,0.5,123.5,56.1,8.65
2022,12,Midlands,6.3,0,13.4,71.4,59.2,3.15
2022,1,East Anlia,8,1,13.2,16.7,96,4.5
2022,2,East Anlia,10.6,3.1,2.4,65,96.4,6.85
2022,3,East Anlia,12.1,3.5,2.5,29.3,182.2,7.8
2022,4,East Anlia,14.3,4.3,4.6,11.7,206.7,9.3
2022,5,East Anlia,18.6,8.5,0,36.8,188.1,13.55
2022,6,East Anlia,21.4,10,0,35.1,248.3,15.7
2022,7,East Anlia,25.5,13.1,0,5,234.9,19.3
2022,8,East Anlia,25.8,13.7,0,31.8,256.8,19.75
2022,9,East Anlia,19.8,10.4,0,50.3,138.4,15.1
2022,10,East Anlia,17.6,9.2,0,63.7,150.5,13.4
2022,11,East Anlia,12.2,6.5,0.2,103.3,58.8,9.35
2022,12,East Anlia,7,0.6,11.7,54.3,64.7,3.8
2022,1,Englad SE & Centra South,8.5,1.1,13.9,26,72.8,4.8
2022,2,Englad SE & Centra South,10.6,3.6,2.5,64.6,92,7.1
2022,3,Englad SE & Centra South,12.3,3.9,2.2,42.7,159.7,8.1
2022,4,Englad SE & Centra South,14.7,4.2,4.4,18.5,186,9.45
2022,5,Englad SE & Centra South,18.1,8.4,0,50.7,186.9,13.25
2022,6,Englad SE & Centra South,21,10,0,34.1,236.5,15.5
2022,7,Englad SE & Centra South,25.1,13,0,5.6,247.9,19.05
2022,8,Englad SE & Centra South,25.4,13.6,0,32,245.3,19.5
2022,9,Englad SE & Centra South,19.5,10.3,0,85.6,130.5,14.9
2022,10,Englad SE & Centra South,17.6,9.6,0,94.1,132.8,13.6
2022,11,Englad SE & Centra South,12.8,6.8,0,189.3,72.4,9.8
2022,12,Englad SE & Centra South,7.3,0.9,11.8,108.4,53.8,4.1
2022,1,England E & NE,7.6,1.1,12.4,24.2,102.5,4.35
2022,2,England E & NE,9.1,2.2,4.3,91.2,99.2,5.65
2022,3,England E & NE,11.2,2.6,5.4,42.7,176.3,6.9
2022,4,England E & NE,12.6,3.8,6,24.6,191.4,8.2
2022,5,England E & NE,16.5,7.8,0,54.3,171.7,12.15
2022,6,England E & NE,19.4,9.5,0,37.8,210.1,14.45
2022,7,England E & NE,22.6,12.5,0,34.4,193.9,17.55
2022,8,England E & NE,22.5,11.9,0,34.8,231.2,17.2
2022,9,England E & NE,17.8,9.5,0,79.8,126.7,13.65
2022,10,England E & NE,15.3,8.1,0.1,98.8,130.3,11.7
2022,11,England E & NE,10.6,5.4,2.1,104.4,46.6,8
2022,12,England E & NE,5.8,0,14,79.2,60.5,2.9
2022,1,Scotland,7.2,2.2,7.9,113.9,37.6,4.7
2022,2,Scotland,6.6,1,10.8,226.8,62.9,3.8
2022,3,Scotland,9.8,0.8,11.5,62.2,157.2,5.3
2022,4,Scotland,10.8,2.7,7.1,87.5,136.2,6.75
2022,5,Scotland,13.7,6.9,0.1,120.3,128.5,10.3
2022,6,Scotland,16.6,8.5,0,80.6,168.5,12.55
2022,7,Scotland,18.1,10.5,0,88.3,130.3,14.3
2022,8,Scotland,18.1,9.8,0,82.1,157.5,13.95
2022,9,Scotland,15.4,8.5,0,139.9,108.1,11.95
2022,10,Scotland,12.4,7.1,0.4,200.5,67.7,9.75
2022,11,Scotland,9.6,4.4,3.4,205,47,7
2022,12,Scotland,4.4,-1,17.6,151.2,31.1,1.7
2023,1,Wales,7.8,2.2,8.9,198.2,56.5,5
2023,2,Wales,8.9,2.7,8.4,26.9,74.4,5.8
2023,3,Wales,9,3.5,6.4,210.2,66.5,6.25
2023,4,Wales,12,4.2,3,83.8,142.6,8.1
2023,5,Wales,16.8,7,0,35.9,243.6,11.9
2023,6,Wales,21.4,11.1,0,49.2,241.8,16.25
2023,7,Wales,18.3,11.7,0,179.6,125.1,15
2023,8,Wales,18.6,11.8,0,121.7,128.3,15.2
2023,9,Wales,19.4,11.8,0,160.8,129.4,15.6
2023,10,Wales,14.5,8.4,0.2,216.1,81.9,11.45
2023,11,Wales,9.9,4.7,3.4,174.4,52.1,7.3
2023,12,Wales,9.2,4.7,4.5,259,23.8,6.95
2023,1,South West,8.4,2.4,9,173.2,65.3,5.4
2023,2,South West,9.4,2.8,8.2,21,80.4,6.1
2023,3,South West,9.9,4.2,3.7,196.2,66.2,7.05
2023,4,South West,12.6,4.7,1.8,86.9,144,8.65
2023,5,South West,17.4,7.6,0,49.9,260.6,12.5
2023,6,South West,21.9,11.7,0,35.7,255.4,16.8
2023,7,South West,19.1,12.2,0,158.1,143.7,15.65
2023,8,South West,19.5,12.2,0,101.7,138.6,15.85
2023,9,South West,20.4,12.3,0,120.5,143.8,16.35
2023,10,South West,15.7,9.3,0.2,181.8,93.3,12.5
2023,11,South West,10.8,5.4,2.8,175.4,57,8.1
2023,12,South West,10.1,5.5,3.8,224.6,26.3,7.8
2023,1,England NW & N Wales,7.4,2.2,8.4,172,58.8,4.8
2023,2,England NW & N Wales,8.7,3,6.2,33.6,65.5,5.85
2023,3,England NW & N Wales,8.9,2.9,7.8,168.1,71.6,5.9
2023,4,England NW & N Wales,12,4,3.3,72.6,157.7,8
2023,5,England NW & N Wales,16.6,7.2,0,34.7,241.4,11.9
2023,6,England NW & N Wales,21.3,10.8,0,71.3,262,16.05
2023,7,England NW & N Wales,18.2,11.7,0,199.2,128.9,14.95
2023,8,England NW & N Wales,18.5,11.9,0,116.2,140.6,15.2
2023,9,England NW & N Wales,19.1,11.6,0,167,125.5,15.35
2023,10,England NW & N Wales,13.8,7.9,0.7,170.5,76.7,10.85
2023,11,England NW & N Wales,9.3,4,4.7,161.2,59.7,6.65
2023,12,England NW & N Wales,8.5,3.8,6.5,233.7,27.5,6.15
2023,1,Midlands,7.9,1.7,9.9,76.7,77.8,4.8
2023,2,Midlands,9.7,2.6,8,12.4,86.1,6.15
2023,3,Midlands,9.9,3.4,5.8,118.2,76.1,6.65
2023,4,Midlands,12.6,4,3.3,64.1,153,8.3
2023,5,Midlands,17.4,7.3,0,37.7,219.4,12.35
2023,6,Midlands,22.4,11,0,48.6,245.8,16.7
2023,7,Midlands,20.1,11.7,0,120,144.5,15.9
2023,8,Midlands,20.4,11.7,0,60.6,161.9,16.05
2023,9,Midlands,21.1,11.9,0,75.2,150.2,16.5
2023,10,Midlands,15.5,8.3,0.2,151.5,91.3,11.9
2023,11,Midlands,10,4,4.4,87.1,78.5,7
2023,12,Midlands,9.1,4.2,5.9,148,25.9,6.65
2023,1,East Anlia,8.3,1.7,10.7,47.9,79.6,5
2023,2,East Anlia,10.3,2.5,9,5.9,104.6,6.4
2023,3,East Anlia,10.6,3.8,5.1,98.5,78.6,7.2
2023,4,East Anlia,13.3,4.3,2.1,55.3,184.5,8.8
2023,5,East Anlia,16.7,7.6,0,46.6,211.7,12.15
2023,6,East Anlia,23,11.5,0,24.4,260.2,17.25
2023,7,East Anlia,22,12.5,0,80.8,171.1,17.25
2023,8,East Anlia,22.3,12.3,0,61.8,201.8,17.3
2023,9,East Anlia,22.9,12.8,0,56.5,175.3,17.85
2023,10,East Anlia,17,9.2,0.2,135.4,108,13.1
2023,11,East Anlia,10.6,4.2,3.9,74.5,89,7.4
2023,12,East Anlia,9.8,4.7,4.8,83.2,30.6,7.25
2023,1,Englad SE & Centra South,8.4,2,10.3,99.2,70.1,5.2
2023,2,Englad SE & Centra South,9.9,2.4,9.3,7.2,86,6.15
2023,3,Englad SE & Centra South,10.4,4.2,4.3,130.6,63.8,7.3
2023,4,Englad SE & Centra South,13.4,4.4,2.6,78.7,159.4,8.9
2023,5,Englad SE & Centra South,17.8,7.7,0,38,232.3,12.75
2023,6,Englad SE & Centra South,23.5,11.8,0,32.5,279.9,17.65
2023,7,Englad SE & Centra South,21.2,12.4,0,89.6,170,16.8
2023,8,Englad SE & Centra South,21.6,12.2,0,68.9,186.9,16.9
2023,9,Englad SE & Centra South,22.6,12.8,0,64.3,170.1,17.7
2023,10,Englad SE & Centra South,17.2,9.2,0.4,160.8,114.4,13.2
2023,11,Englad SE & Centra South,11.2,4.7,3.7,130.3,79.9,7.95
2023,12,Englad SE & Centra South,10.3,5,4.5,117.7,21.1,7.65
2023,1,England E & NE,7.3,1.4,9.9,60.5,89.1,4.35
2023,2,England E & NE,9.2,3,5.4,21.2,84.8,6.1
2023,3,England E & NE,9.5,2.6,8.1,85.2,95.6,6.05
2023,4,England E & NE,11.7,3.7,3.1,61.8,160.7,7.7
2023,5,England E & NE,16.4,7.2,0,30.7,197.1,11.8
2023,6,England E & NE,20.6,10.3,0,40.4,244.1,15.45
2023,7,England E & NE,19.8,11.3,0,120,158.9,15.55
2023,8,England E & NE,19.9,11.5,0,74.4,169.1,15.7
2023,9,England E & NE,19.9,11.3,0,82.8,145.4,15.6
2023,10,England E & NE,14.1,7.7,1,152.9,76.6,10.9
2023,11,England E & NE,9.2,3.6,5.1,88.7,72.5,6.4
2023,12,England E & NE,8.3,3.2,7.4,134.7,38.4,5.75
2023,1,Scotland,6,0.6,13.2,178.8,42.5,3.3
2023,2,Scotland,7.9,2.2,7,102.9,49,5.05
2023,3,Scotland,7.1,0.3,13.8,132.3,96,3.7
2023,4,Scotland,10.7,2.6,6,76.5,162,6.65
2023,5,Scotland,14.5,6.2,0.4,39.8,169.9,10.35
2023,6,Scotland,19.4,9.5,0.1,75.3,226.5,14.45
2023,7,Scotland,16.9,9.6,0,158,129,13.25
2023,8,Scotland,17.4,10.3,0,103.3,133.2,13.85
2023,9,Scotland,16.6,9,0.1,170.3,122.3,12.8
2023,10,Scotland,11.1,5.5,2.3,211.5,70.1,8.3
2023,11,Scotland,7.4,1.4,10.6,125.1,51.5,4.4
2023,12,Scotland,6.3,1,12.5,247.7,26.7,3.65
2024,1,Wales,7,1.7,11.2,161.9,56.6,4.35
2024,2,Wales,9.4,4.4,3.3,205.8,44.2,6.9
2024,3,Wales,10,4,4.2,158.2,86.8,7
2024,4,Wales,11.9,5.2,2,135.8,113.3,8.55
2024,5,Wales,16.8,8.7,0,95.4,157.3,12.75
2024,6,Wales,16.9,8.7,0,48.1,174.8,12.8
2024,7,Wales,18.7,10.6,0,88.7,150.6,14.65
2024,8,Wales,18.9,11.8,0,103.5,150.8,15.35
2024,9,Wales,16.1,9.5,0.1,155.2,104.8,12.8
2024,10,Wales,14,7.5,0.8,126.3,96.8,10.75
2024,11,Wales,10.2,4.4,5.4,134.4,43.9,7.3
2024,12,Wales,8.9,4.3,1,187.4,22,6.6
2024,1,South West,7.6,1.8,11.5,124.7,67.2,4.7
2024,2,South West,10.3,5.3,2.1,222.5,43.6,7.8
2024,3,South West,10.9,4.6,3,159.7,89.7,7.75
2024,4,South West,12.7,5.9,0.8,114.1,119.8,9.3
2024,5,South West,17.1,8.8,0,92.1,177,12.95
2024,6,South West,18.1,9.2,0,35.9,207.2,13.65
2024,7,South West,19.5,11.3,0,91.9,175.6,15.4
2024,8,South West,20,12.3,0,74.3,163.5,16.15
2024,9,South West,17.1,10.1,0.1,152.7,114.6,13.6
2024,10,South West,14.9,8.2,0.4,137.4,101.6,11.55
2024,11,South West,11.1,5.4,3.9,135.5,47.1,8.25
2024,12,South West,9.4,4.9,0.7,111.3,25.8,7.15
2024,1,England NW & N Wales,6.6,1.5,10.2,163.4,54.5,4.05
2024,2,England NW & N Wales,9.1,3.9,4.2,145.7,44.7,6.5
2024,3,England NW & N Wales,9.8,3.8,3.6,130.7,86.5,6.8
2024,4,England NW & N Wales,11.8,4.8,3,135.6,110.9,8.3
2024,5,England NW & N Wales,17.2,9.4,0,114.4,142.4,13.3
2024,6,England NW & N Wales,16.7,9.1,0,62.6,168.1,12.9
2024,7,England NW & N Wales,18.5,10.8,0,94.5,141.4,14.65
2024,8,England NW & N Wales,18.7,11.8,0,126.2,147,15.25
2024,9,England NW & N Wales,16,9.3,0.1,138.3,112.9,12.65
2024,10,England NW & N Wales,13.7,7.4,0.6,121.3,92.3,10.55
2024,11,England NW & N Wales,9.5,3.6,7.6,98.3,45.6,6.55
2024,12,England NW & N Wales,8.8,4.1,1.7,185.9,19.8,6.45
2024,1,Midlands,7.2,1.5,9.4,73.3,67.8,4.35
2024,2,Midlands,10.5,4.3,3.4,119.7,52.8,7.4
2024,3,Midlands,11.1,4.2,2.7,97.1,90.5,7.65
2024,4,Midlands,13.1,5.3,1.3,79.4,123.1,9.2
2024,5,Midlands,18.1,9.4,0,81,160.2,13.75
2024,6,Midlands,18.9,9.1,0,34.1,196.8,14
2024,7,Midlands,20.8,11.2,0,71.2,181,16
2024,8,Midlands,21.4,12,0,33.5,171.7,16.7
2024,9,Midlands,17.4,9.7,0,157.4,110.4,13.55
2024,10,Midlands,14.5,7.5,0.5,82.1,96.9,11
2024,11,Midlands,9.8,3.8,7,74.8,58.5,6.8
2024,12,Midlands,9.1,4.1,0.5,86.4,28.8,6.6
2024,1,East Anlia,7.6,1.9,8.9,52.5,84.7,4.75
2024,2,East Anlia,11.4,4.9,2.3,106.4,60.9,8.15
2024,3,East Anlia,12,5.1,1.4,43.7,97.7,8.55
2024,4,East Anlia,14.1,6,0.6,57.7,140.3,10.05
2024,5,East Anlia,18.5,9.5,0,77.2,198.5,14
2024,6,East Anlia,20.1,9.4,0,23.8,238.6,14.75
2024,7,East Anlia,22,12.1,0,75.3,200.2,17.05
2024,8,East Anlia,23.8,13.1,0,18.4,226.4,18.45
2024,9,East Anlia,19.5,11,0,94.9,143.7,15.25
2024,10,East Anlia,15.6,8.2,0.1,55.6,107.6,11.9
2024,11,East Anlia,10.3,4.7,5.8,49.5,58.8,7.5
2024,12,East Anlia,9.2,4.5,0.6,51.7,31.5,6.85
2024,1,Englad SE & Centra South,7.7,1.7,11.2,78.8,80.1,4.7
2024,2,Englad SE & Centra South,11.1,5.1,2.5,147.9,49.3,8.1
2024,3,Englad SE & Centra South,12,4.9,2.1,101.1,100.8,8.45
2024,4,Englad SE & Centra South,13.9,6.1,0.1,76.7,139.1,10
2024,5,Englad SE & Centra South,18.2,9.1,0,68.7,191.1,13.65
2024,6,Englad SE & Centra South,20.2,9.2,0,18.3,237.4,14.7
2024,7,Englad SE & Centra South,21.8,12.1,0,71.6,191.7,16.95
2024,8,Englad SE & Centra South,22.8,13,0,41,209.2,17.9
2024,9,Englad SE & Centra South,18.9,10.6,0,157.4,129.8,14.75
2024,10,Englad SE & Centra South,15.7,8.4,0.1,91.2,88,12.05
2024,11,Englad SE & Centra South,10.8,5,5.7,87.9,54,7.9
2024,12,Englad SE & Centra South,9.3,4.6,0.8,51.3,22.6,6.95
2024,1,England E & NE,6.6,1.5,8.5,80.6,62.5,4.05
2024,2,England E & NE,9.7,3.8,4.2,84.4,62.2,6.75
2024,3,England E & NE,10.2,3.8,3.2,66,93.7,7
2024,4,England E & NE,12.1,4.6,2,87.2,124.1,8.35
2024,5,England E & NE,17.1,9.3,0,77.9,147.6,13.2
2024,6,England E & NE,18.2,8.9,0,39.3,191.1,13.55
2024,7,England E & NE,19.9,11,0,79,165.9,15.45
2024,8,England E & NE,20.7,11.5,0,34,181.5,16.1
2024,9,England E & NE,16.4,9.3,0.1,96.9,122,12.85
2024,10,England E & NE,14.1,7.1,0.7,79.9,110.6,10.6
2024,11,England E & NE,9.3,3.3,8.4,42.3,66.9,6.3
2024,12,England E & NE,9,3.9,1.8,86.2,35.3,6.45
2024,1,Scotland,5.4,-0.4,15.7,165.1,46.8,2.5
2024,2,Scotland,7,1.4,9.8,149.2,64.7,4.2
2024,3,Scotland,8.1,1.9,7.7,112.7,101.4,5
2024,4,Scotland,10.3,2.9,5.8,148.9,119.2,6.6
2024,5,Scotland,16.3,8.5,0,82.8,145.8,12.4
2024,6,Scotland,14.9,7.7,0.1,91.9,139.2,11.3
2024,7,Scotland,16.5,9.2,0,87.3,119.2,12.85
2024,8,Scotland,16.6,9.7,0,194.6,126.1,13.15
2024,9,Scotland,14.5,7,0.6,78.1,125.7,10.75
2024,10,Scotland,12,6,2.1,121.5,70.1,9
2024,11,Scotland,8.5,2.3,9.6,87.5,46.4,5.4
2024,12,Scotland,7.6,2.7,8.5,232.1,18.5,5.15